{
  "properties": {
    "connectionReferences": {
      "shared_sharepointonline": {
        "runtimeSource": "invoker",
        "connection": {
          "connectionReferenceLogicalName": "new_sharedsharepointonline_95d71"
        },
        "api": {
          "name": "shared_sharepointonline"
        }
      }
    },
    "definition": {
      "$schema": "https://schema.management.azure.com/providers/Microsoft.Logic/schemas/2016-06-01/workflowdefinition.json#",
      "contentVersion": "1.0.0.0",
      "parameters": {
        "$connections": {
          "defaultValue": {},
          "type": "Object"
        },
        "$authentication": {
          "defaultValue": {},
          "type": "SecureObject"
        }
      },
      "triggers": {
        "manual": {
          "metadata": {
            "operationMetadataId": "5da5b728-0f86-42a3-9d59-659b5bcde52f"
          },
          "type": "Request",
          "kind": "Button",
          "inputs": {
            "schema": {
              "type": "object",
              "properties": {
                "text": {
                  "title": "SiteURL",
                  "type": "string",
                  "x-ms-dynamically-added": true,
                  "description": "Enter your Site URL",
                  "x-ms-content-hint": "TEXT"
                }
              },
              "required": [
                "text"
              ]
            }
          }
        }
      },
      "actions": {
        "Scope_-_Create_LearningPathDocLib": {
          "actions": {
            "Compose_-__LearningPathDocLib": {
              "runAfter": {},
              "metadata": {
                "operationMetadataId": "f2b7a874-98f0-4296-a07f-c4fed01cfc81"
              },
              "type": "Compose",
              "inputs": {
                "d": {
                  "GetSiteScriptFromList": "{\r\n  \"$schema\": \"https://developer.microsoft.com/json-schemas/sp/site-design-script-actions.schema.json\",\r\n  \"actions\": [\r\n    {\r\n      \"verb\": \"createSPList\",\r\n      \"listName\": \"Learning Path Documents\",\r\n      \"templateType\": 101,\r\n      \"subactions\": [\r\n        {\r\n          \"verb\": \"addSPFieldXml\",\r\n          \"schemaXml\": \"<Field ID=\\\"{08d89a66-4634-42b8-9d5a-0c27395a48b3}\\\" Type=\\\"Text\\\" Name=\\\"TriggerFlowInfo\\\" DisplayName=\\\"Trigger Flow Info\\\" DisplaceOnUpgrade=\\\"TRUE\\\" Hidden=\\\"TRUE\\\" ReadOnlyEnforced=\\\"FALSE\\\" ReadOnly=\\\"TRUE\\\" Required=\\\"FALSE\\\" SourceID=\\\"http://schemas.microsoft.com/sharepoint/v3\\\" StaticName=\\\"TriggerFlowInfo\\\" />\"\r\n        },\r\n        {\r\n          \"verb\": \"addSPFieldXml\",\r\n          \"schemaXml\": \"<Field ClientSideComponentId=\\\"00000000-0000-0000-0000-000000000000\\\" DisplayName=\\\"LPID\\\" Format=\\\"Dropdown\\\" MaxLength=\\\"255\\\" Name=\\\"LPID\\\" Title=\\\"LPID\\\" Type=\\\"Text\\\" ID=\\\"{8f072464-caa4-472a-8071-f230f28582ed}\\\" StaticName=\\\"LPID\\\" />\"\r\n        },\r\n        {\r\n          \"verb\": \"addContentType\",\r\n          \"name\": \"Folder\",\r\n          \"id\": \"0x0120\"\r\n        },\r\n        {\r\n          \"verb\": \"addSPView\",\r\n          \"name\": \"All Documents\",\r\n          \"viewFields\": [\r\n            \"DocIcon\",\r\n            \"LinkFilename\",\r\n            \"Modified\",\r\n            \"Editor\",\r\n            \"Title\",\r\n            \"LPID\"\r\n          ],\r\n          \"query\": \"<OrderBy><FieldRef Name=\\\"FileLeafRef\\\" /></OrderBy>\",\r\n          \"rowLimit\": 30,\r\n          \"isPaged\": true,\r\n          \"makeDefault\": true,\r\n          \"formatterJSON\": \"\",\r\n          \"replaceViewFields\": true\r\n        }\r\n      ]\r\n    }\r\n  ]\r\n}"
                }
              }
            },
            "Parse_JSON_-_LearningPathDocLib": {
              "runAfter": {
                "Compose_-__LearningPathDocLib": [
                  "Succeeded"
                ]
              },
              "metadata": {
                "operationMetadataId": "b66bb7fe-e79c-43d8-b13b-18cf9bf1efe6"
              },
              "type": "ParseJson",
              "inputs": {
                "content": "@outputs('Compose_-__LearningPathDocLib')?['d']?['GetSiteScriptFromList']",
                "schema": {
                  "type": "object",
                  "properties": {
                    "d": {
                      "type": "object",
                      "properties": {
                        "GetSiteScriptFromList": {
                          "type": "string"
                        }
                      }
                    }
                  }
                }
              }
            },
            "Send_an_HTTP_request_to_SharePoint_-__LearningPathDocLib": {
              "runAfter": {
                "Parse_JSON_-_LearningPathDocLib": [
                  "Succeeded"
                ]
              },
              "metadata": {
                "operationMetadataId": "3e6fc60f-fc81-40af-b60c-a9a320e23031"
              },
              "type": "OpenApiConnection",
              "inputs": {
                "host": {
                  "connectionName": "shared_sharepointonline",
                  "operationId": "HttpRequest",
                  "apiId": "/providers/Microsoft.PowerApps/apis/shared_sharepointonline"
                },
                "parameters": {
                  "dataset": "@triggerBody()['text']",
                  "parameters/method": "POST",
                  "parameters/uri": "_api/Microsoft.Sharepoint.Utilities.WebTemplateExtensions.SiteScriptUtility.ExecuteTemplateScript()",
                  "parameters/headers": {
                    "accept": "application/json;odata=verbose",
                    "content-type": "application/json;odata=verbose"
                  },
                  "parameters/body": "{\"script\": \"{\\\"actions\\\":@{replace(replace(string(body('Parse_JSON_-_LearningPathDocLib')?['actions']), '\\', '\\\\'), '\"', '\\\"')}}\"}"
                },
                "authentication": {
                  "type": "Raw",
                  "value": "@json(decodeBase64(triggerOutputs().headers['X-MS-APIM-Tokens']))['$ConnectionKey']"
                }
              }
            }
          },
          "runAfter": {},
          "metadata": {
            "operationMetadataId": "745a8351-680d-432f-82e0-18c3541b6a47"
          },
          "type": "Scope"
        },
        "Scope_-_Create_LearningPathAssignments": {
          "actions": {
            "Compose_-_LearningPathAssignments": {
              "runAfter": {},
              "metadata": {
                "operationMetadataId": "cd60d20a-0a3d-4695-8110-c4d5d4e86480"
              },
              "type": "Compose",
              "inputs": {
                "d": {
                  "GetSiteScriptFromList": "{\r\n  \"$schema\": \"https://developer.microsoft.com/json-schemas/sp/site-design-script-actions.schema.json\",\r\n  \"actions\": [\r\n    {\r\n      \"verb\": \"createSPList\",\r\n      \"listName\": \"Learning Path Assignments\",\r\n      \"templateType\": 100,\r\n      \"color\": \"7\",\r\n      \"icon\": \"5\",\r\n      \"subactions\": [\r\n        {\r\n          \"verb\": \"addSPFieldXml\",\r\n          \"schemaXml\": \"<Field ID=\\\"{fa564e0f-0c70-4ab9-b863-0177e6ddd247}\\\" Type=\\\"Text\\\" Name=\\\"Title\\\" DisplayName=\\\"Title\\\" Required=\\\"TRUE\\\" SourceID=\\\"http://schemas.microsoft.com/sharepoint/v3\\\" StaticName=\\\"Title\\\" FromBaseType=\\\"TRUE\\\" MaxLength=\\\"255\\\" />\"\r\n        },\r\n        {\r\n          \"verb\": \"addSPFieldXml\",\r\n          \"schemaXml\": \"<Field DisplayName=\\\"Learning Path ID\\\" Format=\\\"Dropdown\\\" IsModern=\\\"TRUE\\\" MaxLength=\\\"255\\\" Name=\\\"LearningPathID\\\" Title=\\\"Learning Path ID\\\" Type=\\\"Text\\\" ID=\\\"{0c6ce102-c3df-4434-9cf8-f927ae6cc776}\\\" StaticName=\\\"LearningPathID\\\" />\"\r\n        },\r\n        {\r\n          \"verb\": \"addSPFieldXml\",\r\n          \"schemaXml\": \"<Field DisplayName=\\\"email of assignee\\\" Format=\\\"Dropdown\\\" IsModern=\\\"TRUE\\\" MaxLength=\\\"255\\\" Name=\\\"emailofassignee\\\" Title=\\\"email of assignee\\\" Type=\\\"Text\\\" ID=\\\"{e4ce93a8-67ba-40ce-a750-46e426156927}\\\" StaticName=\\\"emailofassignee\\\" />\"\r\n        },\r\n        {\r\n          \"verb\": \"addSPFieldXml\",\r\n          \"schemaXml\": \"<Field CustomFormatter=\\\"{&quot;elmType&quot;:&quot;div&quot;,&quot;style&quot;:{&quot;flex-wrap&quot;:&quot;wrap&quot;,&quot;display&quot;:&quot;flex&quot;},&quot;children&quot;:[{&quot;elmType&quot;:&quot;div&quot;,&quot;style&quot;:{&quot;box-sizing&quot;:&quot;border-box&quot;,&quot;padding&quot;:&quot;4px 8px 5px 8px&quot;,&quot;overflow&quot;:&quot;hidden&quot;,&quot;text-overflow&quot;:&quot;ellipsis&quot;,&quot;display&quot;:&quot;flex&quot;,&quot;border-radius&quot;:&quot;16px&quot;,&quot;height&quot;:&quot;24px&quot;,&quot;align-items&quot;:&quot;center&quot;,&quot;white-space&quot;:&quot;nowrap&quot;,&quot;margin&quot;:&quot;4px 4px 4px 4px&quot;},&quot;attributes&quot;:{&quot;class&quot;:{&quot;operator&quot;:&quot;:&quot;,&quot;operands&quot;:[{&quot;operator&quot;:&quot;==&quot;,&quot;operands&quot;:[&quot;@currentField&quot;,&quot;Assigned&quot;]},&quot;sp-css-backgroundColor-BgCornflowerBlue sp-field-fontSizeSmall sp-css-color-CornflowerBlueFont&quot;,{&quot;operator&quot;:&quot;:&quot;,&quot;operands&quot;:[{&quot;operator&quot;:&quot;==&quot;,&quot;operands&quot;:[&quot;@currentField&quot;,&quot;In progress&quot;]},&quot;sp-css-backgroundColor-BgMintGreen sp-field-fontSizeSmall sp-css-color-MintGreenFont&quot;,{&quot;operator&quot;:&quot;:&quot;,&quot;operands&quot;:[{&quot;operator&quot;:&quot;==&quot;,&quot;operands&quot;:[&quot;@currentField&quot;,&quot;Completed&quot;]},&quot;sp-css-backgroundColor-BgGold sp-field-fontSizeSmall sp-css-color-GoldFont&quot;,{&quot;operator&quot;:&quot;:&quot;,&quot;operands&quot;:[{&quot;operator&quot;:&quot;==&quot;,&quot;operands&quot;:[&quot;@currentField&quot;,&quot;&quot;]},&quot;&quot;,{&quot;operator&quot;:&quot;:&quot;,&quot;operands&quot;:[{&quot;operator&quot;:&quot;==&quot;,&quot;operands&quot;:[&quot;@currentField&quot;,&quot;Unassigned&quot;]},&quot;sp-css-backgroundColor-BgCoral sp-field-fontSizeSmall sp-css-color-CoralFont&quot;,&quot;sp-field-borderAllRegular sp-field-borderAllSolid sp-css-borderColor-neutralSecondary&quot;]}]}]}]}]}},&quot;txtContent&quot;:&quot;@currentField&quot;}],&quot;templateId&quot;:&quot;BgColorChoicePill&quot;}\\\" DisplayName=\\\"assignment status\\\" FillInChoice=\\\"FALSE\\\" Format=\\\"Dropdown\\\" IsModern=\\\"TRUE\\\" Name=\\\"assignmentstatus\\\" Title=\\\"assignment status\\\" Type=\\\"Choice\\\" ID=\\\"{a7e692ff-9fb6-4807-8011-89a01f37818b}\\\" StaticName=\\\"assignmentstatus\\\"><CHOICES><CHOICE>Assigned</CHOICE><CHOICE>In progress</CHOICE><CHOICE>Completed</CHOICE><CHOICE>Unassigned</CHOICE></CHOICES></Field>\"\r\n        },\r\n        {\r\n          \"verb\": \"addSPFieldXml\",\r\n          \"schemaXml\": \"<Field DisplayName=\\\"Assignment Date\\\" FriendlyDisplayFormat=\\\"Disabled\\\" Format=\\\"DateOnly\\\" IsModern=\\\"TRUE\\\" Name=\\\"AssignmentDate\\\" Title=\\\"Assignment Date\\\" Type=\\\"DateTime\\\" ID=\\\"{fcb15fa7-2447-4a04-b0c1-5ce53475cfdf}\\\" StaticName=\\\"AssignmentDate\\\" />\"\r\n        },\r\n        {\r\n          \"verb\": \"addSPFieldXml\",\r\n          \"schemaXml\": \"<Field DisplayName=\\\"Due Date\\\" FriendlyDisplayFormat=\\\"Disabled\\\" Format=\\\"DateOnly\\\" IsModern=\\\"TRUE\\\" Name=\\\"DueDate\\\" Title=\\\"Due Date\\\" Type=\\\"DateTime\\\" ID=\\\"{83709193-1cad-48e7-9ec0-01e14129a075}\\\" StaticName=\\\"DueDate\\\" />\"\r\n        },\r\n        {\r\n          \"verb\": \"addSPFieldXml\",\r\n          \"schemaXml\": \"<Field ID=\\\"{82642ec8-ef9b-478f-acf9-31f7d45fbc31}\\\" ReadOnly=\\\"TRUE\\\" Type=\\\"Computed\\\" Name=\\\"LinkTitle\\\" DisplayName=\\\"Title\\\" DisplayNameSrcField=\\\"Title\\\" ClassInfo=\\\"Menu\\\" AuthoringInfo=\\\"(linked to item with edit menu)\\\" ListItemMenuAllowed=\\\"Required\\\" LinkToItemAllowed=\\\"Prohibited\\\" SourceID=\\\"http://schemas.microsoft.com/sharepoint/v3\\\" StaticName=\\\"LinkTitle\\\" FromBaseType=\\\"TRUE\\\"><FieldRefs><FieldRef Name=\\\"Title\\\" /><FieldRef Name=\\\"LinkTitleNoMenu\\\" /><FieldRef Name=\\\"_EditMenuTableStart2\\\" /><FieldRef Name=\\\"_EditMenuTableEnd\\\" /></FieldRefs><DisplayPattern><FieldSwitch><Expr><GetVar Name=\\\"FreeForm\\\" /></Expr><Case Value=\\\"TRUE\\\"><Field Name=\\\"LinkTitleNoMenu\\\" /></Case><Default><HTML><![CDATA[<div class=\\\"ms-vb itx\\\" onmouseover=\\\"OnItem(this)\\\" CTXName=\\\"ctx]]></HTML><Field Name=\\\"_EditMenuTableStart2\\\" /><HTML><![CDATA[\\\">]]></HTML><Field Name=\\\"LinkTitleNoMenu\\\" /><HTML><![CDATA[</div>]]></HTML><HTML><![CDATA[<div class=\\\"s4-ctx\\\" onmouseover=\\\"OnChildItem(this.parentNode); return false;\\\">]]></HTML><HTML><![CDATA[<span>&nbsp;</span>]]></HTML><HTML><![CDATA[<a onfocus=\\\"OnChildItem(this.parentNode.parentNode); return false;\\\" onclick=\\\"PopMenuFromChevron(event); return false;\\\" href=\\\"javascript:;\\\" title=\\\"Open Menu\\\"></a>]]></HTML><HTML><![CDATA[<span>&nbsp;</span>]]></HTML><HTML><![CDATA[</div>]]></HTML></Default></FieldSwitch></DisplayPattern></Field>\"\r\n        },\r\n        {\r\n          \"verb\": \"addContentType\",\r\n          \"name\": \"Item\",\r\n          \"id\": \"0x01\",\r\n          \"fieldRefsXml\": [\r\n            \"<FieldRef ID=\\\"{fa564e0f-0c70-4ab9-b863-0177e6ddd247}\\\" Name=\\\"Title\\\" />\",\r\n            \"<FieldRef ID=\\\"{82642ec8-ef9b-478f-acf9-31f7d45fbc31}\\\" Name=\\\"LinkTitle\\\" DisplayName=\\\"Title\\\" ReadOnly=\\\"TRUE\\\" />\",\r\n            \"<FieldRef ID=\\\"{0c6ce102-c3df-4434-9cf8-f927ae6cc776}\\\" Name=\\\"LearningPathID\\\" />\",\r\n            \"<FieldRef ID=\\\"{e4ce93a8-67ba-40ce-a750-46e426156927}\\\" Name=\\\"emailofassignee\\\" />\",\r\n            \"<FieldRef ID=\\\"{a7e692ff-9fb6-4807-8011-89a01f37818b}\\\" Name=\\\"assignmentstatus\\\" />\",\r\n            \"<FieldRef ID=\\\"{fcb15fa7-2447-4a04-b0c1-5ce53475cfdf}\\\" Name=\\\"AssignmentDate\\\" />\",\r\n            \"<FieldRef ID=\\\"{83709193-1cad-48e7-9ec0-01e14129a075}\\\" Name=\\\"DueDate\\\" />\"\r\n          ]\r\n        },\r\n        {\r\n          \"verb\": \"addContentType\",\r\n          \"name\": \"Folder\",\r\n          \"id\": \"0x0120\"\r\n        },\r\n        {\r\n          \"verb\": \"addSPView\",\r\n          \"name\": \"All Items\",\r\n          \"viewFields\": [\r\n            \"LinkTitle\",\r\n            \"LearningPathID\",\r\n            \"emailofassignee\",\r\n            \"assignmentstatus\",\r\n            \"AssignmentDate\",\r\n            \"DueDate\"\r\n          ],\r\n          \"query\": \"\",\r\n          \"rowLimit\": 30,\r\n          \"isPaged\": true,\r\n          \"makeDefault\": true,\r\n          \"formatterJSON\": \"\",\r\n          \"replaceViewFields\": true\r\n        }\r\n      ]\r\n    }\r\n  ]\r\n}"
                }
              }
            },
            "Parse_JSON_-_LearningPathAssignments": {
              "runAfter": {
                "Compose_-_LearningPathAssignments": [
                  "Succeeded"
                ]
              },
              "metadata": {
                "operationMetadataId": "971562e3-aad3-4d76-b565-52df646ffd46"
              },
              "type": "ParseJson",
              "inputs": {
                "content": "@outputs('Compose_-_LearningPathAssignments')?['d']?['GetSiteScriptFromList']",
                "schema": {
                  "type": "object",
                  "properties": {
                    "d": {
                      "type": "object",
                      "properties": {
                        "GetSiteScriptFromList": {
                          "type": "string"
                        }
                      }
                    }
                  }
                }
              }
            },
            "Send_an_HTTP_request_to_SharePoint_-_LearningPathAssignments": {
              "runAfter": {
                "Parse_JSON_-_LearningPathAssignments": [
                  "Succeeded"
                ]
              },
              "metadata": {
                "operationMetadataId": "b4231fef-9d2d-48f9-9009-93f367ce6fda"
              },
              "type": "OpenApiConnection",
              "inputs": {
                "host": {
                  "connectionName": "shared_sharepointonline",
                  "operationId": "HttpRequest",
                  "apiId": "/providers/Microsoft.PowerApps/apis/shared_sharepointonline"
                },
                "parameters": {
                  "dataset": "@triggerBody()['text']",
                  "parameters/method": "POST",
                  "parameters/uri": "_api/Microsoft.Sharepoint.Utilities.WebTemplateExtensions.SiteScriptUtility.ExecuteTemplateScript()",
                  "parameters/headers": {
                    "accept": "application/json;odata=verbose",
                    "content-type": "application/json;odata=verbose"
                  },
                  "parameters/body": "{\"script\": \"{\\\"actions\\\":@{replace(replace(string(body('Parse_JSON_-_LearningPathAssignments')?['actions']), '\\', '\\\\'), '\"', '\\\"')}}\"}"
                },
                "authentication": {
                  "type": "Raw",
                  "value": "@json(decodeBase64(triggerOutputs().headers['X-MS-APIM-Tokens']))['$ConnectionKey']"
                }
              }
            }
          },
          "runAfter": {
            "Scope_-_Create_LearningPathDocLib": [
              "Succeeded",
              "Failed",
              "Skipped",
              "TimedOut"
            ]
          },
          "metadata": {
            "operationMetadataId": "9cf37634-c9d4-481b-b2c2-e516a158f754"
          },
          "type": "Scope"
        },
        "Scope_-_Create_LearningPathSteps": {
          "actions": {
            "Compose_-_LearningPathSteps": {
              "runAfter": {},
              "metadata": {
                "operationMetadataId": "c2c5fa02-a053-43fe-8e7c-8f01da43f061"
              },
              "type": "Compose",
              "inputs": {
                "d": {
                  "GetSiteScriptFromList": "{\r\n  \"$schema\": \"https://developer.microsoft.com/json-schemas/sp/site-design-script-actions.schema.json\",\r\n  \"actions\": [\r\n    {\r\n      \"verb\": \"createSPList\",\r\n      \"listName\": \"Learning Path Documents\",\r\n      \"templateType\": 101,\r\n      \"subactions\": [\r\n        {\r\n          \"verb\": \"addSPFieldXml\",\r\n          \"schemaXml\": \"<Field ID=\\\"{08d89a66-4634-42b8-9d5a-0c27395a48b3}\\\" Type=\\\"Text\\\" Name=\\\"TriggerFlowInfo\\\" DisplayName=\\\"Trigger Flow Info\\\" DisplaceOnUpgrade=\\\"TRUE\\\" Hidden=\\\"TRUE\\\" ReadOnlyEnforced=\\\"FALSE\\\" ReadOnly=\\\"TRUE\\\" Required=\\\"FALSE\\\" SourceID=\\\"http://schemas.microsoft.com/sharepoint/v3\\\" StaticName=\\\"TriggerFlowInfo\\\" />\"\r\n        },\r\n        {\r\n          \"verb\": \"addSPFieldXml\",\r\n          \"schemaXml\": \"<Field ClientSideComponentId=\\\"00000000-0000-0000-0000-000000000000\\\" DisplayName=\\\"LPID\\\" Format=\\\"Dropdown\\\" MaxLength=\\\"255\\\" Name=\\\"LPID\\\" Title=\\\"LPID\\\" Type=\\\"Text\\\" ID=\\\"{8f072464-caa4-472a-8071-f230f28582ed}\\\" StaticName=\\\"LPID\\\" />\"\r\n        },\r\n        {\r\n          \"verb\": \"addContentType\",\r\n          \"name\": \"Folder\",\r\n          \"id\": \"0x0120\"\r\n        },\r\n        {\r\n          \"verb\": \"addSPView\",\r\n          \"name\": \"All Documents\",\r\n          \"viewFields\": [\r\n            \"DocIcon\",\r\n            \"LinkFilename\",\r\n            \"Modified\",\r\n            \"Editor\",\r\n            \"Title\",\r\n            \"LPID\"\r\n          ],\r\n          \"query\": \"<OrderBy><FieldRef Name=\\\"FileLeafRef\\\" /></OrderBy>\",\r\n          \"rowLimit\": 30,\r\n          \"isPaged\": true,\r\n          \"makeDefault\": true,\r\n          \"formatterJSON\": \"\",\r\n          \"replaceViewFields\": true\r\n        }\r\n      ]\r\n    },\r\n    {\r\n      \"verb\": \"createSPList\",\r\n      \"listName\": \"Learning Path Steps\",\r\n      \"templateType\": 100,\r\n      \"color\": \"4\",\r\n      \"icon\": \"3\",\r\n      \"subactions\": [\r\n        {\r\n          \"verb\": \"addSPFieldXml\",\r\n          \"schemaXml\": \"<Field ID=\\\"{fa564e0f-0c70-4ab9-b863-0177e6ddd247}\\\" Type=\\\"Text\\\" Name=\\\"Title\\\" DisplayName=\\\"Title\\\" Required=\\\"TRUE\\\" SourceID=\\\"http://schemas.microsoft.com/sharepoint/v3\\\" StaticName=\\\"Title\\\" FromBaseType=\\\"TRUE\\\" MaxLength=\\\"255\\\" />\"\r\n        },\r\n        {\r\n          \"verb\": \"addSPFieldXml\",\r\n          \"schemaXml\": \"<Field DisplayName=\\\"Learning Path ID\\\" Format=\\\"Dropdown\\\" IsModern=\\\"TRUE\\\" MaxLength=\\\"255\\\" Name=\\\"LearningPathID\\\" Title=\\\"Learning Path ID\\\" Type=\\\"Text\\\" ID=\\\"{9a68ac87-6869-435c-9be5-b7df1ad811fe}\\\" StaticName=\\\"LearningPathID\\\" />\"\r\n        },\r\n        {\r\n          \"verb\": \"addSPFieldXml\",\r\n          \"schemaXml\": \"<Field DisplayName=\\\"Content URL\\\" Format=\\\"Hyperlink\\\" IsModern=\\\"TRUE\\\" Name=\\\"ContentURL\\\" Title=\\\"Content URL\\\" Type=\\\"URL\\\" ID=\\\"{e2dd99f1-b7dd-4df5-a26f-195035ac178f}\\\" StaticName=\\\"ContentURL\\\" />\"\r\n        },\r\n        {\r\n          \"verb\": \"addSPFieldXml\",\r\n          \"schemaXml\": \"<Field DisplayName=\\\"Length of Step\\\" Format=\\\"Dropdown\\\" IsModern=\\\"TRUE\\\" MaxLength=\\\"255\\\" Name=\\\"LengthofStep\\\" Title=\\\"Length of Step\\\" Type=\\\"Text\\\" ID=\\\"{65891fdf-3299-4997-bad4-d347290a080a}\\\" StaticName=\\\"LengthofStep\\\" />\"\r\n        },\r\n        {\r\n          \"verb\": \"addSPFieldXml\",\r\n          \"schemaXml\": \"<Field DisplayName=\\\"Step Number\\\" Format=\\\"Dropdown\\\" IsModern=\\\"TRUE\\\" MaxLength=\\\"255\\\" Name=\\\"StepNumber\\\" Title=\\\"Step Number\\\" Type=\\\"Text\\\" ID=\\\"{6340ef9a-a897-4b42-b242-43ed65c38672}\\\" StaticName=\\\"StepNumber\\\" />\"\r\n        },\r\n        {\r\n          \"verb\": \"addSPFieldXml\",\r\n          \"schemaXml\": \"<Field CustomFormatter=\\\"{&quot;elmType&quot;:&quot;div&quot;,&quot;style&quot;:{&quot;flex-wrap&quot;:&quot;wrap&quot;,&quot;display&quot;:&quot;flex&quot;},&quot;children&quot;:[{&quot;elmType&quot;:&quot;div&quot;,&quot;style&quot;:{&quot;box-sizing&quot;:&quot;border-box&quot;,&quot;padding&quot;:&quot;4px 8px 5px 8px&quot;,&quot;overflow&quot;:&quot;hidden&quot;,&quot;text-overflow&quot;:&quot;ellipsis&quot;,&quot;display&quot;:&quot;flex&quot;,&quot;border-radius&quot;:&quot;16px&quot;,&quot;height&quot;:&quot;24px&quot;,&quot;align-items&quot;:&quot;center&quot;,&quot;white-space&quot;:&quot;nowrap&quot;,&quot;margin&quot;:&quot;4px 4px 4px 4px&quot;},&quot;attributes&quot;:{&quot;class&quot;:{&quot;operator&quot;:&quot;:&quot;,&quot;operands&quot;:[{&quot;operator&quot;:&quot;==&quot;,&quot;operands&quot;:[&quot;@currentField&quot;,&quot;Video&quot;]},&quot;sp-css-backgroundColor-BgMintGreen sp-field-fontSizeSmall sp-css-color-MintGreenFont&quot;,{&quot;operator&quot;:&quot;:&quot;,&quot;operands&quot;:[{&quot;operator&quot;:&quot;==&quot;,&quot;operands&quot;:[&quot;@currentField&quot;,&quot;PDF&quot;]},&quot;sp-css-backgroundColor-BgGold sp-field-fontSizeSmall sp-css-color-GoldFont&quot;,{&quot;operator&quot;:&quot;:&quot;,&quot;operands&quot;:[{&quot;operator&quot;:&quot;==&quot;,&quot;operands&quot;:[&quot;@currentField&quot;,&quot;&quot;]},&quot;&quot;,&quot;sp-field-borderAllRegular sp-field-borderAllSolid sp-css-borderColor-neutralSecondary&quot;]}]}]}},&quot;txtContent&quot;:&quot;@currentField&quot;}],&quot;templateId&quot;:&quot;BgColorChoicePill&quot;}\\\" DisplayName=\\\"ContentFormat\\\" FillInChoice=\\\"FALSE\\\" Format=\\\"Dropdown\\\" IsModern=\\\"TRUE\\\" Name=\\\"ContentFormat\\\" Required=\\\"TRUE\\\" Title=\\\"ContentFormat\\\" Type=\\\"Choice\\\" ID=\\\"{6121a147-6ea9-4ccb-bd08-882a1c22d0f2}\\\" StaticName=\\\"ContentFormat\\\"><CHOICES><CHOICE>Video</CHOICE><CHOICE>PDF</CHOICE></CHOICES></Field>\"\r\n        },\r\n        {\r\n          \"verb\": \"addSPLookupFieldXml\",\r\n          \"schemaXml\": \"<Field ClientSideComponentId=\\\"00000000-0000-0000-0000-000000000000\\\" DisplayName=\\\"LPDocument\\\" Format=\\\"Dropdown\\\" Indexed=\\\"FALSE\\\" Name=\\\"LPDocument\\\" ShowField=\\\"Title\\\" Title=\\\"LPDocument\\\" Type=\\\"Lookup\\\" ID=\\\"{a3628ba7-cf65-4137-8019-beab4ef325b2}\\\" StaticName=\\\"LPDocument\\\" />\",\r\n          \"targetListName\": \"Learning Path Documents\"\r\n        },\r\n        {\r\n          \"verb\": \"addSPFieldXml\",\r\n          \"schemaXml\": \"<Field DisplayName=\\\"LPDocID\\\" Format=\\\"Dropdown\\\" IsModern=\\\"TRUE\\\" MaxLength=\\\"255\\\" Name=\\\"LPDocID\\\" Title=\\\"LPDocID\\\" Type=\\\"Text\\\" ID=\\\"{59734d21-1c5d-4047-a7f4-2f6ae0decd29}\\\" StaticName=\\\"LPDocID\\\" />\"\r\n        },\r\n        {\r\n          \"verb\": \"addSPFieldXml\",\r\n          \"schemaXml\": \"<Field ID=\\\"{82642ec8-ef9b-478f-acf9-31f7d45fbc31}\\\" ReadOnly=\\\"TRUE\\\" Type=\\\"Computed\\\" Name=\\\"LinkTitle\\\" DisplayName=\\\"Title\\\" DisplayNameSrcField=\\\"Title\\\" ClassInfo=\\\"Menu\\\" AuthoringInfo=\\\"(linked to item with edit menu)\\\" ListItemMenuAllowed=\\\"Required\\\" LinkToItemAllowed=\\\"Prohibited\\\" SourceID=\\\"http://schemas.microsoft.com/sharepoint/v3\\\" StaticName=\\\"LinkTitle\\\" FromBaseType=\\\"TRUE\\\"><FieldRefs><FieldRef Name=\\\"Title\\\" /><FieldRef Name=\\\"LinkTitleNoMenu\\\" /><FieldRef Name=\\\"_EditMenuTableStart2\\\" /><FieldRef Name=\\\"_EditMenuTableEnd\\\" /></FieldRefs><DisplayPattern><FieldSwitch><Expr><GetVar Name=\\\"FreeForm\\\" /></Expr><Case Value=\\\"TRUE\\\"><Field Name=\\\"LinkTitleNoMenu\\\" /></Case><Default><HTML><![CDATA[<div class=\\\"ms-vb itx\\\" onmouseover=\\\"OnItem(this)\\\" CTXName=\\\"ctx]]></HTML><Field Name=\\\"_EditMenuTableStart2\\\" /><HTML><![CDATA[\\\">]]></HTML><Field Name=\\\"LinkTitleNoMenu\\\" /><HTML><![CDATA[</div>]]></HTML><HTML><![CDATA[<div class=\\\"s4-ctx\\\" onmouseover=\\\"OnChildItem(this.parentNode); return false;\\\">]]></HTML><HTML><![CDATA[<span>&nbsp;</span>]]></HTML><HTML><![CDATA[<a onfocus=\\\"OnChildItem(this.parentNode.parentNode); return false;\\\" onclick=\\\"PopMenuFromChevron(event); return false;\\\" href=\\\"javascript:;\\\" title=\\\"Open Menu\\\"></a>]]></HTML><HTML><![CDATA[<span>&nbsp;</span>]]></HTML><HTML><![CDATA[</div>]]></HTML></Default></FieldSwitch></DisplayPattern></Field>\"\r\n        },\r\n        {\r\n          \"verb\": \"addContentType\",\r\n          \"name\": \"Item\",\r\n          \"id\": \"0x01\",\r\n          \"fieldRefsXml\": [\r\n            \"<FieldRef ID=\\\"{fa564e0f-0c70-4ab9-b863-0177e6ddd247}\\\" Name=\\\"Title\\\" />\",\r\n            \"<FieldRef ID=\\\"{82642ec8-ef9b-478f-acf9-31f7d45fbc31}\\\" Name=\\\"LinkTitle\\\" DisplayName=\\\"Title\\\" ReadOnly=\\\"TRUE\\\" />\",\r\n            \"<FieldRef ID=\\\"{9a68ac87-6869-435c-9be5-b7df1ad811fe}\\\" Name=\\\"LearningPathID\\\" />\",\r\n            \"<FieldRef ID=\\\"{e2dd99f1-b7dd-4df5-a26f-195035ac178f}\\\" Name=\\\"ContentURL\\\" />\",\r\n            \"<FieldRef ID=\\\"{65891fdf-3299-4997-bad4-d347290a080a}\\\" Name=\\\"LengthofStep\\\" />\",\r\n            \"<FieldRef ID=\\\"{6340ef9a-a897-4b42-b242-43ed65c38672}\\\" Name=\\\"StepNumber\\\" />\",\r\n            \"<FieldRef ID=\\\"{6121a147-6ea9-4ccb-bd08-882a1c22d0f2}\\\" Name=\\\"ContentFormat\\\" Required=\\\"TRUE\\\" />\",\r\n            \"<FieldRef ID=\\\"{a3628ba7-cf65-4137-8019-beab4ef325b2}\\\" Name=\\\"LPDocument\\\" DisplayName=\\\"LPDocument\\\" Format=\\\"Dropdown\\\" />\",\r\n            \"<FieldRef ID=\\\"{59734d21-1c5d-4047-a7f4-2f6ae0decd29}\\\" Name=\\\"LPDocID\\\" />\"\r\n          ]\r\n        },\r\n        {\r\n          \"verb\": \"addContentType\",\r\n          \"name\": \"Folder\",\r\n          \"id\": \"0x0120\"\r\n        },\r\n        {\r\n          \"verb\": \"addSPView\",\r\n          \"name\": \"All Items\",\r\n          \"viewFields\": [\r\n            \"LinkTitle\",\r\n            \"LearningPathID\",\r\n            \"ContentURL\",\r\n            \"LengthofStep\",\r\n            \"StepNumber\",\r\n            \"ContentFormat\",\r\n            \"Attachments\",\r\n            \"LPDocument\",\r\n            \"LPDocID\"\r\n          ],\r\n          \"query\": \"\",\r\n          \"rowLimit\": 30,\r\n          \"isPaged\": true,\r\n          \"makeDefault\": true,\r\n          \"formatterJSON\": \"\",\r\n          \"replaceViewFields\": true\r\n        }\r\n      ]\r\n    }\r\n  ]\r\n}"
                }
              }
            },
            "Parse_JSON_-_LearningPathSteps": {
              "runAfter": {
                "Compose_-_LearningPathSteps": [
                  "Succeeded"
                ]
              },
              "metadata": {
                "operationMetadataId": "b457db59-ec09-4d0e-b068-f8904e3405a9"
              },
              "type": "ParseJson",
              "inputs": {
                "content": "@outputs('Compose_-_LearningPathSteps')?['d']?['GetSiteScriptFromList']",
                "schema": {
                  "type": "object",
                  "properties": {
                    "d": {
                      "type": "object",
                      "properties": {
                        "GetSiteScriptFromList": {
                          "type": "string"
                        }
                      }
                    }
                  }
                }
              }
            },
            "Send_an_HTTP_request_to_SharePoint_-_LearningPathSteps": {
              "runAfter": {
                "Parse_JSON_-_LearningPathSteps": [
                  "Succeeded"
                ]
              },
              "metadata": {
                "operationMetadataId": "78b471df-430e-466c-8b64-1848620cb602"
              },
              "type": "OpenApiConnection",
              "inputs": {
                "host": {
                  "connectionName": "shared_sharepointonline",
                  "operationId": "HttpRequest",
                  "apiId": "/providers/Microsoft.PowerApps/apis/shared_sharepointonline"
                },
                "parameters": {
                  "dataset": "@triggerBody()['text']",
                  "parameters/method": "POST",
                  "parameters/uri": "_api/Microsoft.Sharepoint.Utilities.WebTemplateExtensions.SiteScriptUtility.ExecuteTemplateScript()",
                  "parameters/headers": {
                    "accept": "application/json;odata=verbose",
                    "content-type": "application/json;odata=verbose"
                  },
                  "parameters/body": "{\"script\": \"{\\\"actions\\\":@{replace(replace(string(body('Parse_JSON_-_LearningPathSteps')?['actions']), '\\', '\\\\'), '\"', '\\\"')}}\"}"
                },
                "authentication": {
                  "type": "Raw",
                  "value": "@json(decodeBase64(triggerOutputs().headers['X-MS-APIM-Tokens']))['$ConnectionKey']"
                }
              }
            }
          },
          "runAfter": {
            "Scope_-_Create_LearningPathAssignments": [
              "Succeeded",
              "Failed",
              "Skipped",
              "TimedOut"
            ]
          },
          "metadata": {
            "operationMetadataId": "39c65700-66d7-4057-be3f-77cc0939d47b"
          },
          "type": "Scope"
        },
        "Scope_-_Create_LearningPaths": {
          "actions": {
            "Compose_-_LearningPaths": {
              "runAfter": {},
              "metadata": {
                "operationMetadataId": "58dd1d97-382d-4a5d-b19b-b0aad59bf856"
              },
              "type": "Compose",
              "inputs": {
                "d": {
                  "GetSiteScriptFromList": "{\r\n  \"$schema\": \"https://developer.microsoft.com/json-schemas/sp/site-design-script-actions.schema.json\",\r\n  \"actions\": [\r\n    {\r\n      \"verb\": \"createSPList\",\r\n      \"listName\": \"Learning Paths\",\r\n      \"templateType\": 100,\r\n      \"color\": \"4\",\r\n      \"icon\": \"8\",\r\n      \"subactions\": [\r\n        {\r\n          \"verb\": \"addSPFieldXml\",\r\n          \"schemaXml\": \"<Field ID=\\\"{fa564e0f-0c70-4ab9-b863-0177e6ddd247}\\\" Type=\\\"Text\\\" Name=\\\"Title\\\" DisplayName=\\\"Title\\\" Required=\\\"TRUE\\\" SourceID=\\\"http://schemas.microsoft.com/sharepoint/v3\\\" StaticName=\\\"Title\\\" FromBaseType=\\\"TRUE\\\" MaxLength=\\\"255\\\" />\"\r\n        },\r\n        {\r\n          \"verb\": \"addSPFieldXml\",\r\n          \"schemaXml\": \"<Field AppendOnly=\\\"FALSE\\\" DisplayName=\\\"Description\\\" Format=\\\"Dropdown\\\" IsModern=\\\"TRUE\\\" IsolateStyles=\\\"FALSE\\\" Name=\\\"Description\\\" RichText=\\\"FALSE\\\" RichTextMode=\\\"Compatible\\\" Title=\\\"Description\\\" Type=\\\"Note\\\" ID=\\\"{d638fe63-179d-406c-a169-efd96b21c928}\\\" StaticName=\\\"Description\\\" />\"\r\n        },\r\n        {\r\n          \"verb\": \"addSPFieldXml\",\r\n          \"schemaXml\": \"<Field DisplayName=\\\"Total time\\\" Format=\\\"Dropdown\\\" IsModern=\\\"TRUE\\\" MaxLength=\\\"255\\\" Name=\\\"Totaltime\\\" Title=\\\"Total time\\\" Type=\\\"Text\\\" ID=\\\"{47ddb608-ceb7-40db-8254-8c23af3316bc}\\\" StaticName=\\\"Totaltime\\\" />\"\r\n        },\r\n        {\r\n          \"verb\": \"addSPFieldXml\",\r\n          \"schemaXml\": \"<Field DisplayName=\\\"Number of steps\\\" Format=\\\"Dropdown\\\" IsModern=\\\"TRUE\\\" MaxLength=\\\"255\\\" Name=\\\"Numberofsteps\\\" Title=\\\"Number of steps\\\" Type=\\\"Text\\\" ID=\\\"{db6e03ba-edc0-4fe8-a9c2-23a217628344}\\\" StaticName=\\\"Numberofsteps\\\" />\"\r\n        },\r\n        {\r\n          \"verb\": \"addSPFieldXml\",\r\n          \"schemaXml\": \"<Field ID=\\\"{82642ec8-ef9b-478f-acf9-31f7d45fbc31}\\\" ReadOnly=\\\"TRUE\\\" Type=\\\"Computed\\\" Name=\\\"LinkTitle\\\" DisplayName=\\\"Title\\\" DisplayNameSrcField=\\\"Title\\\" ClassInfo=\\\"Menu\\\" AuthoringInfo=\\\"(linked to item with edit menu)\\\" ListItemMenuAllowed=\\\"Required\\\" LinkToItemAllowed=\\\"Prohibited\\\" SourceID=\\\"http://schemas.microsoft.com/sharepoint/v3\\\" StaticName=\\\"LinkTitle\\\" FromBaseType=\\\"TRUE\\\"><FieldRefs><FieldRef Name=\\\"Title\\\" /><FieldRef Name=\\\"LinkTitleNoMenu\\\" /><FieldRef Name=\\\"_EditMenuTableStart2\\\" /><FieldRef Name=\\\"_EditMenuTableEnd\\\" /></FieldRefs><DisplayPattern><FieldSwitch><Expr><GetVar Name=\\\"FreeForm\\\" /></Expr><Case Value=\\\"TRUE\\\"><Field Name=\\\"LinkTitleNoMenu\\\" /></Case><Default><HTML><![CDATA[<div class=\\\"ms-vb itx\\\" onmouseover=\\\"OnItem(this)\\\" CTXName=\\\"ctx]]></HTML><Field Name=\\\"_EditMenuTableStart2\\\" /><HTML><![CDATA[\\\">]]></HTML><Field Name=\\\"LinkTitleNoMenu\\\" /><HTML><![CDATA[</div>]]></HTML><HTML><![CDATA[<div class=\\\"s4-ctx\\\" onmouseover=\\\"OnChildItem(this.parentNode); return false;\\\">]]></HTML><HTML><![CDATA[<span>&nbsp;</span>]]></HTML><HTML><![CDATA[<a onfocus=\\\"OnChildItem(this.parentNode.parentNode); return false;\\\" onclick=\\\"PopMenuFromChevron(event); return false;\\\" href=\\\"javascript:;\\\" title=\\\"Open Menu\\\"></a>]]></HTML><HTML><![CDATA[<span>&nbsp;</span>]]></HTML><HTML><![CDATA[</div>]]></HTML></Default></FieldSwitch></DisplayPattern></Field>\"\r\n        },\r\n        {\r\n          \"verb\": \"addContentType\",\r\n          \"name\": \"Item\",\r\n          \"id\": \"0x01\",\r\n          \"fieldRefsXml\": [\r\n            \"<FieldRef ID=\\\"{fa564e0f-0c70-4ab9-b863-0177e6ddd247}\\\" Name=\\\"Title\\\" />\",\r\n            \"<FieldRef ID=\\\"{82642ec8-ef9b-478f-acf9-31f7d45fbc31}\\\" Name=\\\"LinkTitle\\\" DisplayName=\\\"Title\\\" ReadOnly=\\\"TRUE\\\" />\",\r\n            \"<FieldRef ID=\\\"{d638fe63-179d-406c-a169-efd96b21c928}\\\" Name=\\\"Description\\\" />\",\r\n            \"<FieldRef ID=\\\"{47ddb608-ceb7-40db-8254-8c23af3316bc}\\\" Name=\\\"Totaltime\\\" />\",\r\n            \"<FieldRef ID=\\\"{db6e03ba-edc0-4fe8-a9c2-23a217628344}\\\" Name=\\\"Numberofsteps\\\" />\"\r\n          ]\r\n        },\r\n        {\r\n          \"verb\": \"addContentType\",\r\n          \"name\": \"Folder\",\r\n          \"id\": \"0x0120\"\r\n        },\r\n        {\r\n          \"verb\": \"addSPView\",\r\n          \"name\": \"All Items\",\r\n          \"viewFields\": [\r\n            \"ID\",\r\n            \"LinkTitle\",\r\n            \"Description\",\r\n            \"Totaltime\",\r\n            \"Numberofsteps\"\r\n          ],\r\n          \"query\": \"\",\r\n          \"rowLimit\": 30,\r\n          \"isPaged\": true,\r\n          \"makeDefault\": true,\r\n          \"formatterJSON\": \"\",\r\n          \"replaceViewFields\": true\r\n        }\r\n      ]\r\n    }\r\n  ]\r\n}"
                }
              }
            },
            "Parse_JSON_-_LearningPaths": {
              "runAfter": {
                "Compose_-_LearningPaths": [
                  "Succeeded"
                ]
              },
              "metadata": {
                "operationMetadataId": "ddafb902-ba2a-4734-bc81-595f772704c3"
              },
              "type": "ParseJson",
              "inputs": {
                "content": "@outputs('Compose_-_LearningPaths')?['d']?['GetSiteScriptFromList']",
                "schema": {
                  "type": "object",
                  "properties": {
                    "d": {
                      "type": "object",
                      "properties": {
                        "GetSiteScriptFromList": {
                          "type": "string"
                        }
                      }
                    }
                  }
                }
              }
            },
            "Send_an_HTTP_request_to_SharePoint_-_LearningPaths": {
              "runAfter": {
                "Parse_JSON_-_LearningPaths": [
                  "Succeeded"
                ]
              },
              "metadata": {
                "operationMetadataId": "767f2bfe-24a1-4c58-9b44-8c6078f7f2fe"
              },
              "type": "OpenApiConnection",
              "inputs": {
                "host": {
                  "connectionName": "shared_sharepointonline",
                  "operationId": "HttpRequest",
                  "apiId": "/providers/Microsoft.PowerApps/apis/shared_sharepointonline"
                },
                "parameters": {
                  "dataset": "@triggerBody()['text']",
                  "parameters/method": "POST",
                  "parameters/uri": "_api/Microsoft.Sharepoint.Utilities.WebTemplateExtensions.SiteScriptUtility.ExecuteTemplateScript()",
                  "parameters/headers": {
                    "accept": "application/json;odata=verbose",
                    "content-type": "application/json;odata=verbose"
                  },
                  "parameters/body": "{\"script\": \"{\\\"actions\\\":@{replace(replace(string(body('Parse_JSON_-_LearningPaths')?['actions']), '\\', '\\\\'), '\"', '\\\"')}}\"}"
                },
                "authentication": {
                  "type": "Raw",
                  "value": "@json(decodeBase64(triggerOutputs().headers['X-MS-APIM-Tokens']))['$ConnectionKey']"
                }
              }
            }
          },
          "runAfter": {
            "Scope_-_Create_LearningPathSteps": [
              "Succeeded"
            ]
          },
          "metadata": {
            "operationMetadataId": "afccbda5-903a-41d7-9362-cdbe03a098ea"
          },
          "type": "Scope"
        }
      }
    }
  },
  "schemaVersion": "1.0.0.0"
}