<environmentvariabledefinition schemaname="new_shared_sharepointonline_151ff811de21487f85b33d4a52627f33">
  <apiid>/providers/microsoft.powerapps/apis/shared_sharepointonline</apiid>
  <displayname default="LearningPaths - https://gov210645.sharepoint.com/sites/LearningPaths">
    <label description="LearningPaths - https://gov210645.sharepoint.com/sites/LearningPaths" languagecode="1033" />
  </displayname>
  <introducedversion>1.0.0.2</introducedversion>
  <iscustomizable>1</iscustomizable>
  <isrequired>0</isrequired>
  <parameterkey>dataset</parameterkey>
  <secretstore>0</secretstore>
  <type>100000004</type>
</environmentvariabledefinition>